{
    "model": "ndvi_threshold",
    "best_threshold": 0.55,
    "val_metrics": {
        "precision": 0.8662327484463757,
        "recall": 0.6272166726891478,
        "iou": 0.5718306441629711,
        "f1": 0.7275982896585931
    },
    "test_metrics": {
        "precision": 0.42816769179398084,
        "recall": 0.609650135225922,
        "iou": 0.3360419914809251,
        "f1": 0.5030410625169679
    },
    "training_time_sec": 0,
    "threshold_search": {
        "0.1": {
            "iou": 0.4646493946539972
        },
        "0.15": {
            "iou": 0.4701031962531724
        },
        "0.2": {
            "iou": 0.4780222347312814
        },
        "0.25": {
            "iou": 0.4877867169045878
        },
        "0.3": {
            "iou": 0.4996924536813434
        },
        "0.35": {
            "iou": 0.5150019707317118
        },
        "0.4": {
            "iou": 0.5328195711317046
        },
        "0.45": {
            "iou": 0.5514403455107434
        },
        "0.5": {
            "iou": 0.5657675917791226
        },
        "0.55": {
            "iou": 0.5718306441629711
        },
        "0.6": {
            "iou": 0.5656793206504188
        }
    }
}