{
  "model": "xgboost",
  "test_metrics": {
    "precision": 0.4376,
    "recall": 0.5797,
    "iou": 0.3322,
    "f1": 0.4988
  },
  "val_metrics": {
    "precision": 0.6927,
    "recall": 0.9656,
    "iou": 0.676,
    "f1": 0.8067
  },
  "training_time_sec": 4.47,
  "n_estimators_used": 287,
  "scale_pos_weight": 1.47,
  "feature_importance": {
    "B2": 0.21353861689567566,
    "B3": 0.019563058391213417,
    "B4": 0.022785715758800507,
    "B8": 0.04664976894855499,
    "B11": 0.09855499863624573,
    "B12": 0.0418744720518589,
    "NDVI": 0.4560821056365967,
    "EVI": 0.017666161060333252,
    "NDWI": 0.0663512647151947,
    "SAVI": 0.016933882609009743
  }
}